{
  "assetsByChunkName": {
    "vendors~app-account~app-confirmation~app-order": [
      "chunk.193ccd0a8d9e83000bb7.js",
      "chunk.193ccd0a8d9e83000bb7.js.map"
    ],
    "vendors~app-account~app-checkout": [
      "chunk.909162328c9346eb196c.js",
      "chunk.909162328c9346eb196c.js.map"
    ],
    "vendors~app-cart~app-checkout": [
      "chunk.d63489c53ad6875c1744.js",
      "chunk.d63489c53ad6875c1744.js.map"
    ],
    "admin": [
      "admin.2e20badd09aabd8384ae.js",
      "admin.2e20badd09aabd8384ae.js.map"
    ],
    "app-account": [
      "chunk.655f088ca3f0766a9b36.js",
      "chunk.655f088ca3f0766a9b36.js.map"
    ],
    "app-cart": [
      "chunk.f0384996633a9adfd609.js",
      "chunk.f0384996633a9adfd609.js.map"
    ],
    "app-confirmation": [
      "chunk.5732c04ff8056462ec52.js",
      "chunk.5732c04ff8056462ec52.js.map"
    ],
    "app-order": [
      "chunk.e523d0234c36e6b15197.js",
      "chunk.e523d0234c36e6b15197.js.map"
    ],
    "checkout": [
      "checkout.ca55310a8d290fcda112.js",
      "checkout.ca55310a8d290fcda112.js.map"
    ],
    "storefront": [
      "storefront.5983442396cbf596be08.css",
      "storefront.c071cd0e92f2a23b096d.js",
      "storefront.5983442396cbf596be08.css.map",
      "storefront.c071cd0e92f2a23b096d.js.map"
    ],
    "vendors~app-checkout": [
      "chunk.421255b66ef64baf352c.js",
      "chunk.421255b66ef64baf352c.js.map"
    ]
  }
}